-- phpMyAdmin SQL Dump
-- version 5.0.2
-- https://www.phpmyadmin.net/
--
-- Host: 127.0.0.1
-- Generation Time: Dec 04, 2020 at 08:15 AM
-- Server version: 10.4.14-MariaDB
-- PHP Version: 7.4.10

SET SQL_MODE = "NO_AUTO_VALUE_ON_ZERO";
START TRANSACTION;
SET time_zone = "+00:00";


/*!40101 SET @OLD_CHARACTER_SET_CLIENT=@@CHARACTER_SET_CLIENT */;
/*!40101 SET @OLD_CHARACTER_SET_RESULTS=@@CHARACTER_SET_RESULTS */;
/*!40101 SET @OLD_COLLATION_CONNECTION=@@COLLATION_CONNECTION */;
/*!40101 SET NAMES utf8mb4 */;

--
-- Database: `odadinglaundry`
--

-- --------------------------------------------------------

--
-- Table structure for table `barangg`
--

CREATE TABLE `barangg` (
  `id` int(10) NOT NULL,
  `nama` varchar(50) NOT NULL,
  `stok` int(11) NOT NULL,
  `tgl_update` date NOT NULL,
  `supplier` varchar(100) NOT NULL,
  `harga` int(100) NOT NULL
) ENGINE=InnoDB DEFAULT CHARSET=latin1;

--
-- Dumping data for table `barangg`
--

INSERT INTO `barangg` (`id`, `nama`, `stok`, `tgl_update`, `supplier`, `harga`) VALUES
(1, 'Deterjen Bubuk', 2, '2016-02-23', 'Aldy F', 8000);

-- --------------------------------------------------------

--
-- Table structure for table `detail_transaksi`
--

CREATE TABLE `detail_transaksi` (
  `id_detail` int(11) NOT NULL,
  `transaksi_id` int(11) DEFAULT NULL,
  `paket_id` int(11) DEFAULT NULL,
  `qty` double DEFAULT NULL,
  `total_harga` double DEFAULT NULL,
  `keterangan` text DEFAULT NULL,
  `total_bayar` int(11) DEFAULT NULL
) ENGINE=InnoDB DEFAULT CHARSET=utf8mb4;

--
-- Dumping data for table `detail_transaksi`
--

INSERT INTO `detail_transaksi` (`id_detail`, `transaksi_id`, `paket_id`, `qty`, `total_harga`, `keterangan`, `total_bayar`) VALUES
(2, 11, 4, 1, 15000, NULL, 15000),
(3, 22, 3, 3, 75000, NULL, 75000),
(9, 33, 4, 4, 200000, NULL, 200000),
(10, 13, 3, 2, 50000, NULL, 50000),
(12, 10, 4, 4, 50000, NULL, 50000);

-- --------------------------------------------------------

--
-- Table structure for table `member`
--

CREATE TABLE `member` (
  `id_member` int(11) NOT NULL,
  `nama_member` varchar(100) DEFAULT NULL,
  `alamat_member` text DEFAULT NULL,
  `jenis_kelamin` enum('L','P') DEFAULT NULL,
  `telp_member` varchar(15) DEFAULT NULL,
  `no_ktp` varchar(30) DEFAULT NULL
) ENGINE=InnoDB DEFAULT CHARSET=utf8mb4;

--
-- Dumping data for table `member`
--

INSERT INTO `member` (`id_member`, `nama_member`, `alamat_member`, `jenis_kelamin`, `telp_member`, `no_ktp`) VALUES
(1, 'Aglia Dwitama', 'Jl . Depok 1', 'L', '0888511365', '13879712892'),
(2, 'Daffa Dapong', 'Jl . Menteng Asri', 'L', '08711192396', '1054682496845'),
(3, 'Afdhiyan Daffaa ', 'Jl. Margonda', 'L', '0821502524', '65616842498249'),
(4, 'Elang Erlangga', 'Jl . Condet', 'L', '0812415054', '3246824682118'),
(5, 'Mas Fatih', 'Jl . Depok ', 'L', '089669963', '23151385723221');

-- --------------------------------------------------------

--
-- Table structure for table `outlet`
--

CREATE TABLE `outlet` (
  `id_outlet` int(11) NOT NULL,
  `nama_outlet` varchar(100) DEFAULT NULL,
  `alamat_outlet` text DEFAULT NULL,
  `telp_outlet` varchar(15) DEFAULT NULL
) ENGINE=InnoDB DEFAULT CHARSET=utf8mb4;

--
-- Dumping data for table `outlet`
--

INSERT INTO `outlet` (`id_outlet`, `nama_outlet`, `alamat_outlet`, `telp_outlet`) VALUES
(26, 'Outlet Isekai', 'Jalan Elim No 2 Samping Jembatan pengaduan', '0812944321');

-- --------------------------------------------------------

--
-- Table structure for table `paket`
--

CREATE TABLE `paket` (
  `id_paket` int(11) NOT NULL,
  `jenis_paket` enum('kiloan','selimut','bedcover','kaos','lain') DEFAULT NULL,
  `nama_paket` varchar(100) DEFAULT NULL,
  `harga` int(11) DEFAULT NULL,
  `outlet_id` int(11) DEFAULT NULL
) ENGINE=InnoDB DEFAULT CHARSET=utf8mb4;

--
-- Dumping data for table `paket`
--

INSERT INTO `paket` (`id_paket`, `jenis_paket`, `nama_paket`, `harga`, `outlet_id`) VALUES
(2, 'kiloan', 'Paket Cuci Tunggu', 50000, 26),
(3, 'kiloan', 'Paket Keing Santuy', 15000, 26),
(4, 'kiloan', 'Paket Kering Sehari', 25000, 26);

-- --------------------------------------------------------

--
-- Table structure for table `pemakaian`
--

CREATE TABLE `pemakaian` (
  `id` int(10) NOT NULL,
  `tgl_pakai` date NOT NULL,
  `barang` varchar(100) NOT NULL,
  `jumlah` int(100) NOT NULL
) ENGINE=InnoDB DEFAULT CHARSET=latin1;

--
-- Dumping data for table `pemakaian`
--

INSERT INTO `pemakaian` (`id`, `tgl_pakai`, `barang`, `jumlah`) VALUES
(1, '2016-02-23', 'Deterjen Bubuk', 10);

-- --------------------------------------------------------

--
-- Table structure for table `pembelian`
--

CREATE TABLE `pembelian` (
  `no` int(10) NOT NULL,
  `tgl` date NOT NULL,
  `totali` int(100) NOT NULL,
  `supplier` varchar(100) NOT NULL,
  `barang` varchar(100) NOT NULL,
  `totalh` int(100) NOT NULL
) ENGINE=InnoDB DEFAULT CHARSET=latin1;

--
-- Dumping data for table `pembelian`
--

INSERT INTO `pembelian` (`no`, `tgl`, `totali`, `supplier`, `barang`, `totalh`) VALUES
(1, '2020-05-13', 10, 'Ahmad', 'Deterjen Bubuk', 80000),
(2, '2020-09-09', 2, 'Ahmad', 'Deterjen Bubuk', 16000);

-- --------------------------------------------------------

--
-- Table structure for table `supplier`
--

CREATE TABLE `supplier` (
  `id` int(10) NOT NULL,
  `nama` varchar(50) NOT NULL,
  `alamat` varchar(50) NOT NULL,
  `telp` varchar(20) NOT NULL
) ENGINE=InnoDB DEFAULT CHARSET=latin1;

--
-- Dumping data for table `supplier`
--

INSERT INTO `supplier` (`id`, `nama`, `alamat`, `telp`) VALUES
(1, 'Aldy F', 'Jl. Jungle Land', '08178171123');

-- --------------------------------------------------------

--
-- Table structure for table `transaksi`
--

CREATE TABLE `transaksi` (
  `id_transaksi` int(11) NOT NULL,
  `outlet_id` int(11) DEFAULT NULL,
  `kode_invoice` varchar(100) DEFAULT NULL,
  `member_id` int(11) DEFAULT NULL,
  `tgl` datetime DEFAULT NULL,
  `batas_waktu` datetime DEFAULT NULL,
  `tgl_pembayaran` datetime DEFAULT NULL,
  `biaya_tambahan` int(11) DEFAULT NULL,
  `diskon` double DEFAULT NULL,
  `pajak` int(11) DEFAULT NULL,
  `status` enum('baru','proses','selesai','diambil') DEFAULT NULL,
  `status_bayar` enum('dibayar','belum') DEFAULT NULL,
  `user_id` int(11) DEFAULT NULL
) ENGINE=InnoDB DEFAULT CHARSET=utf8mb4;

--
-- Dumping data for table `transaksi`
--

INSERT INTO `transaksi` (`id_transaksi`, `outlet_id`, `kode_invoice`, `member_id`, `tgl`, `batas_waktu`, `tgl_pembayaran`, `biaya_tambahan`, `diskon`, `pajak`, `status`, `status_bayar`, `user_id`) VALUES
(10, 26, 'DRY2020032139412', 4, '2020-12-01 09:09:10', '2020-12-01 09:13:10', '2020-12-01 09:13:10', 0, 0, 0, 'selesai', 'dibayar', 10),
(11, 26, 'DRY202003213123', 1, '2020-12-02 13:27:48', '2020-12-03 12:00:00', '2020-12-02 13:28:03', 0, 0, 0, 'baru', 'dibayar', 11),
(13, 26, 'DRY2020032139699', 4, '2020-11-27 10:14:37', '2020-11-28 10:14:37', '2020-11-27 11:15:37', 0, 0, 0, 'selesai', 'dibayar', 13),
(22, 26, 'DRY20200321343', 3, '2020-12-01 11:27:48', '2020-12-01 12:00:00', '2020-12-02 11:28:03', 0, 0, 0, 'proses', 'dibayar', 22),
(33, 26, 'DRY202003213927', 5, '2020-12-02 13:27:48', '2020-12-03 12:00:00', '2020-12-02 13:28:03', 0, 0, 0, 'diambil', 'dibayar', 11);

-- --------------------------------------------------------

--
-- Table structure for table `user`
--

CREATE TABLE `user` (
  `id_user` int(11) NOT NULL,
  `nama_user` varchar(100) DEFAULT NULL,
  `username` varchar(32) DEFAULT NULL,
  `password` varchar(150) DEFAULT NULL,
  `outlet_id` int(11) DEFAULT NULL,
  `role` enum('admin','kasir','owner') DEFAULT NULL
) ENGINE=InnoDB DEFAULT CHARSET=utf8mb4;

--
-- Dumping data for table `user`
--

INSERT INTO `user` (`id_user`, `nama_user`, `username`, `password`, `outlet_id`, `role`) VALUES
(1, 'Admin', 'admin', '21232f297a57a5a743894a0e4a801fc3', NULL, 'admin'),
(10, 'Mang Oleh', 'oleh21', '21232f297a57a5a743894a0e4a801fc3', 26, 'kasir'),
(11, 'Ahmad Krito', 'kerito21', '21232f297a57a5a743894a0e4a801fc3', 26, 'kasir');

--
-- Indexes for dumped tables
--

--
-- Indexes for table `barangg`
--
ALTER TABLE `barangg`
  ADD PRIMARY KEY (`id`);

--
-- Indexes for table `detail_transaksi`
--
ALTER TABLE `detail_transaksi`
  ADD PRIMARY KEY (`id_detail`),
  ADD KEY `transaksi_id` (`transaksi_id`),
  ADD KEY `paket_id` (`paket_id`);

--
-- Indexes for table `member`
--
ALTER TABLE `member`
  ADD PRIMARY KEY (`id_member`);

--
-- Indexes for table `outlet`
--
ALTER TABLE `outlet`
  ADD PRIMARY KEY (`id_outlet`);

--
-- Indexes for table `paket`
--
ALTER TABLE `paket`
  ADD PRIMARY KEY (`id_paket`),
  ADD KEY `outlet_id` (`outlet_id`);

--
-- Indexes for table `pemakaian`
--
ALTER TABLE `pemakaian`
  ADD PRIMARY KEY (`id`);

--
-- Indexes for table `pembelian`
--
ALTER TABLE `pembelian`
  ADD PRIMARY KEY (`no`);

--
-- Indexes for table `supplier`
--
ALTER TABLE `supplier`
  ADD PRIMARY KEY (`id`);

--
-- Indexes for table `transaksi`
--
ALTER TABLE `transaksi`
  ADD PRIMARY KEY (`id_transaksi`),
  ADD KEY `outlet_id` (`outlet_id`),
  ADD KEY `member_id` (`member_id`),
  ADD KEY `user_id` (`user_id`);

--
-- Indexes for table `user`
--
ALTER TABLE `user`
  ADD PRIMARY KEY (`id_user`),
  ADD KEY `outlet_id` (`outlet_id`);

--
-- AUTO_INCREMENT for dumped tables
--

--
-- AUTO_INCREMENT for table `barangg`
--
ALTER TABLE `barangg`
  MODIFY `id` int(10) NOT NULL AUTO_INCREMENT, AUTO_INCREMENT=2;

--
-- AUTO_INCREMENT for table `detail_transaksi`
--
ALTER TABLE `detail_transaksi`
  MODIFY `id_detail` int(11) NOT NULL AUTO_INCREMENT, AUTO_INCREMENT=13;

--
-- AUTO_INCREMENT for table `member`
--
ALTER TABLE `member`
  MODIFY `id_member` int(11) NOT NULL AUTO_INCREMENT, AUTO_INCREMENT=6;

--
-- AUTO_INCREMENT for table `outlet`
--
ALTER TABLE `outlet`
  MODIFY `id_outlet` int(11) NOT NULL AUTO_INCREMENT, AUTO_INCREMENT=27;

--
-- AUTO_INCREMENT for table `paket`
--
ALTER TABLE `paket`
  MODIFY `id_paket` int(11) NOT NULL AUTO_INCREMENT, AUTO_INCREMENT=5;

--
-- AUTO_INCREMENT for table `pemakaian`
--
ALTER TABLE `pemakaian`
  MODIFY `id` int(10) NOT NULL AUTO_INCREMENT, AUTO_INCREMENT=2;

--
-- AUTO_INCREMENT for table `pembelian`
--
ALTER TABLE `pembelian`
  MODIFY `no` int(10) NOT NULL AUTO_INCREMENT, AUTO_INCREMENT=3;

--
-- AUTO_INCREMENT for table `supplier`
--
ALTER TABLE `supplier`
  MODIFY `id` int(10) NOT NULL AUTO_INCREMENT, AUTO_INCREMENT=2;

--
-- AUTO_INCREMENT for table `transaksi`
--
ALTER TABLE `transaksi`
  MODIFY `id_transaksi` int(11) NOT NULL AUTO_INCREMENT, AUTO_INCREMENT=36;

--
-- AUTO_INCREMENT for table `user`
--
ALTER TABLE `user`
  MODIFY `id_user` int(11) NOT NULL AUTO_INCREMENT, AUTO_INCREMENT=13;

--
-- Constraints for dumped tables
--

--
-- Constraints for table `detail_transaksi`
--
ALTER TABLE `detail_transaksi`
  ADD CONSTRAINT `detail_transaksi_ibfk_1` FOREIGN KEY (`transaksi_id`) REFERENCES `ujikom_laundry`.`transaksi` (`id_transaksi`),
  ADD CONSTRAINT `detail_transaksi_ibfk_2` FOREIGN KEY (`paket_id`) REFERENCES `paket` (`id_paket`);

--
-- Constraints for table `paket`
--
ALTER TABLE `paket`
  ADD CONSTRAINT `paket_ibfk_1` FOREIGN KEY (`outlet_id`) REFERENCES `outlet` (`id_outlet`);

--
-- Constraints for table `transaksi`
--
ALTER TABLE `transaksi`
  ADD CONSTRAINT `transaksi_ibfk_1` FOREIGN KEY (`outlet_id`) REFERENCES `outlet` (`id_outlet`),
  ADD CONSTRAINT `transaksi_ibfk_2` FOREIGN KEY (`member_id`) REFERENCES `member` (`id_member`);

--
-- Constraints for table `user`
--
ALTER TABLE `user`
  ADD CONSTRAINT `user_ibfk_1` FOREIGN KEY (`outlet_id`) REFERENCES `outlet` (`id_outlet`);
COMMIT;

/*!40101 SET CHARACTER_SET_CLIENT=@OLD_CHARACTER_SET_CLIENT */;
/*!40101 SET CHARACTER_SET_RESULTS=@OLD_CHARACTER_SET_RESULTS */;
/*!40101 SET COLLATION_CONNECTION=@OLD_COLLATION_CONNECTION */;
